Session_ID,Ticker,Timestamp,Action_Type,Action_Details,Chart_Config,Data_Accessed,Query_Parameters,Result_Summary,TICK_Changed,New_TICK,Notes_Created,Duration_Seconds,User
WB_20250115_143000,MELI,1/15/2025 14:30:00,Chart_View,"{""chart"":""Valuation_Trends"",""period"":""5Y""}","{""type"":""line"",""metrics"":[""PE"",""PB""],""overlays"":[""tick_score""]}","prices,fundamentals","{""ticker"":""MELI"",""start"":""2020-01-15"",""end"":""2025-01-15""}",PE trending below 5Y average,FALSE,,,120,SO
WB_20250115_143000,MELI,1/15/2025 14:32:00,Comparison,"{""peers"":[""AMZN"",""BABA"",""SE""]}","{""type"":""bar"",""metric"":""revenue_growth""}","fundamentals,peers","{""tickers"":[""MELI"",""AMZN"",""BABA"",""SE""],""metric"":""revenue_growth_yoy""}",MELI growth exceeding all peers,FALSE,,,180,SO
WB_20250115_143000,MELI,1/15/2025 14:35:00,Data_Query,"{""query"":""fintech_segment_analysis""}",,"fundamentals,segments","{""ticker"":""MELI"",""segment"":""fintech"",""period"":""LTM""}",Fintech revenue up 72% YoY,FALSE,,,60,SO
WB_20250115_143000,MELI,1/15/2025 14:37:00,Note_Add,"{""type"":""Research"",""priority"":""High""}",,,,"Strong fintech growth justifies higher multiple",FALSE,,RN_20250115_001,30,SO
WB_20250115_143000,MELI,1/15/2025 14:38:00,TICK_Update,"{""previous"":30,""new"":36,""reason"":""Earnings beat + margin expansion""}",,,,"TICK increased based on analysis",TRUE,36,RN_20250115_001,60,SO
WB_20250115_154000,NTDOY,1/15/2025 15:40:00,Chart_View,"{""chart"":""Price_Volume"",""period"":""1Y""}","{""type"":""candlestick"",""overlays"":[""sma_20"",""sma_50"",""volume""]}","prices","{""ticker"":""NTDOY"",""interval"":""daily"",""period"":""1Y""}",Price consolidating above support,FALSE,,,90,SO
WB_20250115_154000,NTDOY,1/15/2025 15:42:00,Data_Query,"{""query"":""product_pipeline""}",,"custom,industry_reports","{""ticker"":""NTDOY"",""category"":""upcoming_releases""}",Switch 2 confirmed for April 2025,FALSE,,,120,SO
WB_20250115_154000,NTDOY,1/15/2025 15:45:00,TICK_Update,"{""previous"":32,""new"":36,""reason"":""Hardware refresh cycle confirmed""}",,,,"TICK increased on Switch 2 confirmation",TRUE,36,RN_20250115_002,30,SO
WB_20250114_100000,AGM,1/14/2025 10:00:00,Chart_View,"{""chart"":""Yield_Analysis"",""period"":""3Y""}","{""type"":""combo"",""series"":[""yield"",""fed_funds_rate""]}","fundamentals,macro","{""ticker"":""AGM"",""benchmark"":""fed_funds""}",Yield spread compressing,FALSE,,,150,SO
WB_20250114_100000,AGM,1/14/2025 10:15:00,TICK_Update,"{""previous"":32,""new"":30,""reason"":""Rate sensitivity concerns""}",,,,"TICK decreased on margin pressure",TRUE,30,RN_20250114_001,45,SO
WB_20250112_113000,HDSN,1/12/2025 11:30:00,Config_Save,"{""name"":""Refrigerant_Analysis"",""template"":""custom""}","{""type"":""multi_axis"",""series"":[""price"",""epa_regs"",""margins""]}",,,Configuration saved for future use,FALSE,,,30,SO
WB_20250110_090000,MULTIPLE,1/10/2025 09:00:00,Chart_View,"{""chart"":""Portfolio_Overview"",""period"":""MTD""}","{""type"":""heatmap"",""universe"":""growth_portfolio""}","prices,fundamentals","{""portfolio"":""growth"",""period"":""month_to_date""}",Portfolio up 2.5% MTD,FALSE,,,300,SO
WB_20250108_140000,EXAMPLE1,1/8/2025 14:00:00,Data_Query,"{""query"":""esg_controversies""}",,"esg_reports,ngo_data","{""ticker"":""EXAMPLE1"",""category"":""animal_testing""}",Animal testing confirmed in supply chain,FALSE,,,240,SO
WB_20250108_140000,EXAMPLE1,1/8/2025 14:05:00,TICK_Update,"{""previous"":45,""new"":-50,""reason"":""Exclusion - animal testing""}",,,,"Excluded from investment universe",TRUE,-50,RN_20250108_001,30,SO
WB_20250108_140000,EXAMPLE1,1/8/2025 14:06:00,Export,"{""data"":""exclusion_report"",""format"":""pdf""}",,,,"Exclusion report generated",FALSE,,,15,SO